alpha,gamma,epsilon,policy,mean_score,std_score,seeds
0.05,0.9,0.05,epsilon,-1151.6584497743836,8.183144515020333,"[-1156.1955644413704, -1140.169983325041, -1158.6098015567395]"
0.05,0.9,0.05,greedy,-1166.4203639936752,11.039473288673454,"[-1176.397812359882, -1151.032464419621, -1171.8308152015231]"
0.05,0.9,0.05,softmax,-1166.6017597124194,12.034402827455198,"[-1181.1054719452097, -1151.6380928020862, -1167.0617143899626]"
0.05,0.9,0.05,decay,-1175.7560428129252,6.641131658033492,"[-1180.3418661198612, -1166.364919201705, -1180.5613431172092]"
