alpha,gamma,epsilon,policy,mean_score,std_score,seeds
0.1,1.0,0.05,greedy,-0.138416,0.010335789471540135,"[-0.1383, -0.14966, -0.14278, -0.11908, -0.14226]"
0.1,1.0,0.05,epsilon,-0.164732,0.004067109046976738,"[-0.16558, -0.1684, -0.15836, -0.16204, -0.16928]"
0.1,1.0,0.05,decay,-0.164732,0.004067109046976738,"[-0.16558, -0.1684, -0.15836, -0.16204, -0.16928]"
0.1,1.0,0.05,softmax,-0.199032,0.005521964867689766,"[-0.20154, -0.20818, -0.19842, -0.19276, -0.19426]"
