alpha,gamma,epsilon,policy,mean_score,std_score,seeds
0.1,1.0,0.05,epsilon,-0.159096,0.005317193244560519,"[np.float64(-0.15864), np.float64(-0.16738), np.float64(-0.16238), np.float64(-0.15348), np.float64(-0.1536)]"
0.1,1.0,0.05,decay,-0.159096,0.005317193244560519,"[np.float64(-0.15864), np.float64(-0.16738), np.float64(-0.16238), np.float64(-0.15348), np.float64(-0.1536)]"
0.1,1.0,0.05,softmax,-0.17327599999999999,0.006052958285004111,"[np.float64(-0.1744), np.float64(-0.16306), np.float64(-0.17894), np.float64(-0.17054), np.float64(-0.17944)]"
0.1,1.0,0.05,greedy,-0.18228,0.007806212910240148,"[np.float64(-0.17938), np.float64(-0.1944), np.float64(-0.1879), np.float64(-0.1729), np.float64(-0.17682)]"
