alpha,gamma,epsilon,policy,mean_score,std_score,seeds
0.05,0.9,0.05,epsilon,-1156.8551379148537,9.13745590597452,"[-1160.164553266093, -1144.3825987478867, -1166.0182617305807]"
0.05,0.9,0.05,greedy,-1160.1613027607336,4.573294263066017,"[-1165.1274048391779, -1154.089950837424, -1161.2665526055991]"
0.05,0.9,0.05,decay,-1163.1171183642048,10.987575702266685,"[-1173.0039579744523, -1147.7920786657073, -1168.5553184524547]"
0.05,0.9,0.05,softmax,-1165.254062166453,12.891279169436709,"[-1174.2365134112993, -1147.0236846356331, -1174.5019884524263]"
