alpha,gamma,epsilon,policy,mean_score,std_score,seeds
0.1,1.0,0.05,epsilon,-0.110488,0.0053343055780485605,"[-0.10754, -0.1014, -0.1132, -0.11486, -0.11544]"
0.1,1.0,0.05,decay,-0.110488,0.0053343055780485605,"[-0.10754, -0.1014, -0.1132, -0.11486, -0.11544]"
0.1,1.0,0.05,greedy,-0.177404,0.05884394466722977,"[-0.28178, -0.11136, -0.19618, -0.15492, -0.14278]"
0.1,1.0,0.05,softmax,-0.24454000000000004,0.003860507738627133,"[-0.24726, -0.2496, -0.24448, -0.23826, -0.2431]"
