alpha,gamma,epsilon,policy,mean_score,std_score,seeds
0.1,1.0,0.05,epsilon,-0.11999200000000002,0.004010278793301034,"[np.float64(-0.11898), np.float64(-0.11888), np.float64(-0.1206), np.float64(-0.11456), np.float64(-0.12694)]"
0.1,1.0,0.05,decay,-0.11999200000000002,0.004010278793301034,"[np.float64(-0.11898), np.float64(-0.11888), np.float64(-0.1206), np.float64(-0.11456), np.float64(-0.12694)]"
0.1,1.0,0.05,greedy,-0.13521199999999997,0.010261521134802578,"[np.float64(-0.1494), np.float64(-0.13408), np.float64(-0.13604), np.float64(-0.11762), np.float64(-0.13892)]"
0.1,1.0,0.05,softmax,-0.233588,0.004751666654974861,"[np.float64(-0.24086), np.float64(-0.23752), np.float64(-0.23012), np.float64(-0.23086), np.float64(-0.22858)]"
