alpha,gamma,epsilon,policy,mean_score,std_score,seeds
0.1,1.0,0.05,greedy,-0.165508,0.01219054453254653,"[-0.15832, -0.17978, -0.16992, -0.14558, -0.17394]"
0.1,1.0,0.05,epsilon,-0.21272000000000002,0.004260553954593232,"[-0.21086, -0.21858, -0.2065, -0.2114, -0.21626]"
0.1,1.0,0.05,decay,-0.21272000000000002,0.004260553954593232,"[-0.21086, -0.21858, -0.2065, -0.2114, -0.21626]"
0.1,1.0,0.05,softmax,-0.24822799999999998,0.007034459183192405,"[-0.25138, -0.2597, -0.2427, -0.23956, -0.2478]"
