alpha,gamma,epsilon,policy,mean_score,std_score,seeds
0.1,1.0,0.05,greedy,-0.18228,0.007806212910240148,"[np.float64(-0.17938), np.float64(-0.1944), np.float64(-0.1879), np.float64(-0.1729), np.float64(-0.17682)]"
0.1,1.0,0.05,epsilon,-0.186024,0.011720207506695435,"[np.float64(-0.18622), np.float64(-0.18842), np.float64(-0.16452), np.float64(-0.19102), np.float64(-0.19994)]"
0.1,1.0,0.05,decay,-0.186024,0.011720207506695435,"[np.float64(-0.18622), np.float64(-0.18842), np.float64(-0.16452), np.float64(-0.19102), np.float64(-0.19994)]"
0.1,1.0,0.05,softmax,-0.207028,0.003802327708128263,"[np.float64(-0.20322), np.float64(-0.20674), np.float64(-0.2028), np.float64(-0.2128), np.float64(-0.20958)]"
